"id","hotel_id","url_id","language","legal","legal_info","legal_details","created_at"
"1","382474c1-7c97-4133-a77e-cc7590888a55","440d6ab4-3ac8-486e-a6d2-6e8454b255ed","es",NULL,"Información legal e importante",NULL,"2026-03-13 19:59:38.965762+00"
"2","047285b7-d61a-4b93-8d5c-4d53a5839333","440d6ab4-3ac8-486e-a6d2-6e8454b255ed","en",NULL,"Important & legal info",NULL,"2026-03-13 20:03:48.522029+00"
"3","b22bb3ee-8327-49d9-9d4b-8edfcfdf4064","440d6ab4-3ac8-486e-a6d2-6e8454b255ed","de",NULL,"Wichtige & rechtliche Hinweise",NULL,"2026-03-13 20:07:59.781257+00"
"4","6cf859e8-99e0-4e8c-a368-e6024f83d1ee","0c291fb4-b3e7-41ea-90f3-ffd7daa90db6","es",NULL,"Información legal e importante",NULL,"2026-03-13 20:22:05.727412+00"
"5","fc09df06-3bb9-43a9-9b16-8fa4da1d9f75","635d8d79-fa7f-4d23-8074-0f38a8dd982b","es",NULL,"Información legal e importante",NULL,"2026-03-13 20:23:24.643178+00"
"6","4dad12ee-9291-493e-9e0d-6104cf81990a","0c291fb4-b3e7-41ea-90f3-ffd7daa90db6","en",NULL,"Important & legal info",NULL,"2026-03-13 20:26:33.126158+00"
"7","97e9752a-a9f2-49fc-9941-6b404ea6c418","635d8d79-fa7f-4d23-8074-0f38a8dd982b","en",NULL,"Important & legal info",NULL,"2026-03-13 20:29:27.938619+00"
"8","62080d67-7e2c-41ab-87e6-6d48ef9835b3","0c291fb4-b3e7-41ea-90f3-ffd7daa90db6","de",NULL,"Wichtige & rechtliche Hinweise",NULL,"2026-03-13 20:30:45.713064+00"
"9","8c494e74-f9f4-4c4e-95a5-3185962938b1","635d8d79-fa7f-4d23-8074-0f38a8dd982b","de",NULL,"Wichtige & rechtliche Hinweise",NULL,"2026-03-13 20:34:07.381386+00"
"10","97fb3c18-7e8a-41c4-950b-cf98d564718a","4ff9612a-2218-46d2-9c82-7328aa142f41","es",NULL,"Información legal e importante",NULL,"2026-03-13 20:44:14.40266+00"
"11","0288f437-c8d2-4abf-b9bb-9cec476d5557","4ff9612a-2218-46d2-9c82-7328aa142f41","en",NULL,"Important & legal info",NULL,"2026-03-13 20:48:28.336315+00"
"12","b5a173e6-d956-4386-93b5-1b4039b894dc","c42e82fd-064a-411c-a52d-12694158952e","es",NULL,"Información legal e importante",NULL,"2026-03-13 20:49:49.272203+00"
"13","fc82d24f-0775-4199-9233-4eef6b412294","4ff9612a-2218-46d2-9c82-7328aa142f41","de",NULL,"Wichtige & rechtliche Hinweise",NULL,"2026-03-13 20:51:39.559713+00"
"14","d650f0be-085f-4312-b862-1d84e2920515","c42e82fd-064a-411c-a52d-12694158952e","en",NULL,"Important & legal info",NULL,"2026-03-13 20:54:36.850373+00"
"15","592fde4c-f9e4-44a4-91b5-1558596a0590","c42e82fd-064a-411c-a52d-12694158952e","de",NULL,"Wichtige & rechtliche Hinweise",NULL,"2026-03-13 20:58:00.552581+00"
"16","65137d8c-7e4a-445f-b69c-4afeb0b10e99","b2adb08c-a3aa-4322-aa7b-de96f92be18c","es",NULL,"Información legal e importante",NULL,"2026-03-13 21:07:57.728083+00"
"17","8911e054-fc70-4904-b12a-3e265fc35f9c","b2adb08c-a3aa-4322-aa7b-de96f92be18c","en",NULL,"Important & legal info",NULL,"2026-03-13 21:12:45.50393+00"
"18","78031acf-a0e0-4218-a58e-f057695a8be8","cb8a1507-36f5-43ea-8155-7d03f4241090","es",NULL,"Información legal e importante",NULL,"2026-03-13 21:14:04.557087+00"
"19","6f98bb98-d3ff-4cc7-b3fd-1b9d4dde0a39","b2adb08c-a3aa-4322-aa7b-de96f92be18c","de",NULL,"Wichtige & rechtliche Hinweise",NULL,"2026-03-13 21:15:23.071045+00"
"20","0509e388-8d03-4bca-b500-baebb60fc8df","cb8a1507-36f5-43ea-8155-7d03f4241090","en",NULL,"Important & legal info",NULL,"2026-03-13 21:18:20.217942+00"
"21","7aa8d253-11d1-4f39-85da-246648e730f5","cb8a1507-36f5-43ea-8155-7d03f4241090","de",NULL,"Wichtige & rechtliche Hinweise",NULL,"2026-03-13 21:21:06.409413+00"
"22","d5d93b0d-7a1f-4581-aa09-61792b3947ee","01b297d6-5d55-4a42-9667-c3959f585545","es",NULL,"Información legal e importante",NULL,"2026-03-13 21:38:32.030356+00"
"23","3ae2198c-87d2-42e7-a0cc-ca3d1fe5233a","01b297d6-5d55-4a42-9667-c3959f585545","en","Legal information","This property is managed, licensed or represented by a business. This label has no relevance in terms of tax, including VAT and other 'indirect taxes', but is required under applicable consumer laws. You can find more information about the business here: See business details .",NULL,"2026-03-13 21:46:35.868946+00"
"24","a89b7877-3528-48dc-b931-3de0ccb9d780","01b297d6-5d55-4a42-9667-c3959f585545","de","Rechtliche Informationen","Diese Unterkunft wird durch ein Unternehmen verwaltet, lizenziert oder vertreten. Diese Kennzeichnung hat keine steuerliche Relevanz, einschließlich MwSt. und weiterer „indirekter Steuern“. Sie ist jedoch nach geltendem Verbraucherrecht erforderlich. Weitere Informationen zum Unternehmen finden Sie in den: Angaben zum Unternehmen .",NULL,"2026-03-13 21:53:05.20827+00"
"25","84f9b156-2616-45c5-9a5c-f4a3fbca764f","01b297d6-5d55-4a42-9667-c3959f585545","it","Informazioni legali","Questa struttura è gestita, autorizzata o rappresentata da un'azienda. Questa definizione non ha rilevanza in termini fiscali, incluse l'IVA e altre ""imposte indirette"", ma è obbligatoria ai sensi delle norme applicabili per la tutela dei consumatori. Per sapere di più sull'azienda, vai a: dettagli dell'azienda .",NULL,"2026-03-13 22:05:48.571839+00"
"26","85c9a85a-cd86-4ea5-b805-7f4338b00ec6","01b297d6-5d55-4a42-9667-c3959f585545","nl","Juridische informatie","Deze accommodatie wordt beheerd, gelicentieerd of vertegenwoordigd door een bedrijf. Dit label heeft geen relevantie voor wat betreft belasting, inclusief btw en andere 'indirecte belastingen'. Het is echter een vereiste onder het van toepassing zijnde consumentenrecht. Meer informatie over het bedrijf vind je hier: Bekijk bedrijfsgegevens .",NULL,"2026-03-13 22:12:08.599853+00"
"27","049a7d25-6ae9-4d83-941c-af89caf24fc6","b5056300-931c-4c50-b5d7-1487201d51ca","es",NULL,"Información legal e importante",NULL,"2026-03-13 22:24:23.566065+00"
"28","2d2b71b7-67d8-46b6-a604-036b4d53661b","b5056300-931c-4c50-b5d7-1487201d51ca","en","Legal information","This property is managed, licensed or represented by a business. This label has no relevance in terms of tax, including VAT and other 'indirect taxes', but is required under applicable consumer laws. You can find more information about the business here: See business details .",NULL,"2026-03-13 22:32:07.256728+00"
"29","233c70c9-4e87-49a0-8181-e3c095a3a07b","b5056300-931c-4c50-b5d7-1487201d51ca","de","Rechtliche Informationen","Diese Unterkunft wird durch ein Unternehmen verwaltet, lizenziert oder vertreten. Diese Kennzeichnung hat keine steuerliche Relevanz, einschließlich MwSt. und weiterer „indirekter Steuern“. Sie ist jedoch nach geltendem Verbraucherrecht erforderlich. Weitere Informationen zum Unternehmen finden Sie in den: Angaben zum Unternehmen .",NULL,"2026-03-13 22:38:28.024953+00"
"30","865f9903-40d7-4915-a494-938f87d6aac4","b5056300-931c-4c50-b5d7-1487201d51ca","it","Informazioni legali","Questa struttura è gestita, autorizzata o rappresentata da un'azienda. Questa definizione non ha rilevanza in termini fiscali, incluse l'IVA e altre ""imposte indirette"", ma è obbligatoria ai sensi delle norme applicabili per la tutela dei consumatori. Per sapere di più sull'azienda, vai a: dettagli dell'azienda .",NULL,"2026-03-13 22:50:56.999214+00"
"31","83956a58-b518-427b-9549-1cabe71bbb80","0c4429ec-e07d-4a88-8a13-74d7bc054480","es",NULL,"Información legal e importante",NULL,"2026-03-13 22:52:16.358988+00"
"32","34ccfc14-264d-4edc-8f9d-4c45da43c706","b5056300-931c-4c50-b5d7-1487201d51ca","nl","Juridische informatie","Deze accommodatie wordt beheerd, gelicentieerd of vertegenwoordigd door een bedrijf. Dit label heeft geen relevantie voor wat betreft belasting, inclusief btw en andere 'indirecte belastingen'. Het is echter een vereiste onder het van toepassing zijnde consumentenrecht. Meer informatie over het bedrijf vind je hier: Bekijk bedrijfsgegevens .",NULL,"2026-03-13 22:55:37.237097+00"
"33","c739b6cd-468e-4def-8d91-890dbad78541","0c4429ec-e07d-4a88-8a13-74d7bc054480","en","Legal information","This property is managed, licensed or represented by a business. This label has no relevance in terms of tax, including VAT and other 'indirect taxes', but is required under applicable consumer laws. You can find more information about the business here: See business details .",NULL,"2026-03-13 22:58:30.570385+00"
"34","3e94be38-c337-4ae7-b288-9b64b3b75f9a","0c4429ec-e07d-4a88-8a13-74d7bc054480","de","Rechtliche Informationen","Diese Unterkunft wird durch ein Unternehmen verwaltet, lizenziert oder vertreten. Diese Kennzeichnung hat keine steuerliche Relevanz, einschließlich MwSt. und weiterer „indirekter Steuern“. Sie ist jedoch nach geltendem Verbraucherrecht erforderlich. Weitere Informationen zum Unternehmen finden Sie in den: Angaben zum Unternehmen .",NULL,"2026-03-13 23:01:08.883696+00"
"35","b8139995-1b3b-4dde-a5a3-60157a245fbb","1c1b8b3a-0fa9-41f1-860d-0f96752b8fa1","es",NULL,"Información legal e importante",NULL,"2026-03-13 23:02:26.765049+00"
"36","25bbfcb7-8d28-4f99-a43e-4d648058457f","1c1b8b3a-0fa9-41f1-860d-0f96752b8fa1","en","Legal information","This property is managed, licensed or represented by a business. This label has no relevance in terms of tax, including VAT and other 'indirect taxes', but is required under applicable consumer laws. You can find more information about the business here: See business details .",NULL,"2026-03-13 23:08:35.805469+00"
"37","588c8938-923a-48e2-b632-0897386e5e2b","0c4429ec-e07d-4a88-8a13-74d7bc054480","it","Informazioni legali","Questa struttura è gestita, autorizzata o rappresentata da un'azienda. Questa definizione non ha rilevanza in termini fiscali, incluse l'IVA e altre ""imposte indirette"", ma è obbligatoria ai sensi delle norme applicabili per la tutela dei consumatori. Per sapere di più sull'azienda, vai a: dettagli dell'azienda .",NULL,"2026-03-13 23:09:54.141913+00"
"41","9a60c097-566a-4ddd-ae25-40194d05e330","74b2e2df-8472-4f88-b8e3-77611a473162","es",NULL,"Información legal e importante",NULL,"2026-03-13 23:21:45.788632+00"
"38","fe6f0a3f-776e-4061-9bcf-87dbecada9b4","1c1b8b3a-0fa9-41f1-860d-0f96752b8fa1","de","Rechtliche Informationen","Diese Unterkunft wird durch ein Unternehmen verwaltet, lizenziert oder vertreten. Diese Kennzeichnung hat keine steuerliche Relevanz, einschließlich MwSt. und weiterer „indirekter Steuern“. Sie ist jedoch nach geltendem Verbraucherrecht erforderlich. Weitere Informationen zum Unternehmen finden Sie in den: Angaben zum Unternehmen .",NULL,"2026-03-13 23:11:13.283154+00"
"42","6e3487fb-2654-462d-9601-eee63f2fe9b1","1c1b8b3a-0fa9-41f1-860d-0f96752b8fa1","nl","Juridische informatie","Deze accommodatie wordt beheerd, gelicentieerd of vertegenwoordigd door een bedrijf. Dit label heeft geen relevantie voor wat betreft belasting, inclusief btw en andere 'indirecte belastingen'. Het is echter een vereiste onder het van toepassing zijnde consumentenrecht. Meer informatie over het bedrijf vind je hier: Bekijk bedrijfsgegevens .",NULL,"2026-03-13 23:23:05.019568+00"
"45","4390a37a-1aa5-46c9-9d90-60ce811ede80","41238b8e-1dbc-435d-9701-a7685787c60b","es",NULL,"Información legal e importante",NULL,"2026-03-13 23:29:52.883756+00"
"46","91bc73dd-c1ea-4649-9844-c41622ca0f51","41238b8e-1dbc-435d-9701-a7685787c60b","en","Legal information","This property is managed, licensed or represented by a business. This label has no relevance in terms of tax, including VAT and other 'indirect taxes', but is required under applicable consumer laws. You can find more information about the business here: See business details .",NULL,"2026-03-13 23:36:10.049521+00"
"47","84c2e91c-b43a-4f62-bfe1-4c33c7128d7d","74b2e2df-8472-4f88-b8e3-77611a473162","it","Informazioni legali","Questa struttura è gestita, autorizzata o rappresentata da un'azienda. Questa definizione non ha rilevanza in termini fiscali, incluse l'IVA e altre ""imposte indirette"", ma è obbligatoria ai sensi delle norme applicabili per la tutela dei consumatori. Per sapere di più sull'azienda, vai a: dettagli dell'azienda .",NULL,"2026-03-13 23:37:27.855379+00"
"51","c0640b60-71b7-4207-99a2-43d1487c79a4","00f725a8-2a10-4de0-9430-1bd8165f87c2","es",NULL,"Información legal e importante",NULL,"2026-03-13 23:49:13.548047+00"
"39","13125c77-bca1-466b-ac52-8c946bf043f1","0c4429ec-e07d-4a88-8a13-74d7bc054480","nl","Juridische informatie","Deze accommodatie wordt beheerd, gelicentieerd of vertegenwoordigd door een bedrijf. Dit label heeft geen relevantie voor wat betreft belasting, inclusief btw en andere 'indirecte belastingen'. Het is echter een vereiste onder het van toepassing zijnde consumentenrecht. Meer informatie over het bedrijf vind je hier: Bekijk bedrijfsgegevens .",NULL,"2026-03-13 23:12:30.639508+00"
"40","f8beee8d-04f1-4da9-aadd-427d3f206e4e","1c1b8b3a-0fa9-41f1-860d-0f96752b8fa1","it","Informazioni legali","Questa struttura è gestita, autorizzata o rappresentata da un'azienda. Questa definizione non ha rilevanza in termini fiscali, incluse l'IVA e altre ""imposte indirette"", ma è obbligatoria ai sensi delle norme applicabili per la tutela dei consumatori. Per sapere di più sull'azienda, vai a: dettagli dell'azienda .",NULL,"2026-03-13 23:18:32.062835+00"
"43","84f37ad2-7792-4831-90e0-8f7647f7ac71","74b2e2df-8472-4f88-b8e3-77611a473162","en","Legal information","This property is managed, licensed or represented by a business. This label has no relevance in terms of tax, including VAT and other 'indirect taxes', but is required under applicable consumer laws. You can find more information about the business here: See business details .",NULL,"2026-03-13 23:25:56.404677+00"
"44","21dc96e1-d9c1-4f43-a82c-f4fc4eb93f01","74b2e2df-8472-4f88-b8e3-77611a473162","de","Rechtliche Informationen","Diese Unterkunft wird durch ein Unternehmen verwaltet, lizenziert oder vertreten. Diese Kennzeichnung hat keine steuerliche Relevanz, einschließlich MwSt. und weiterer „indirekter Steuern“. Sie ist jedoch nach geltendem Verbraucherrecht erforderlich. Weitere Informationen zum Unternehmen finden Sie in den: Angaben zum Unternehmen .",NULL,"2026-03-13 23:28:34.681242+00"
"48","a3081e21-fbb1-4778-8938-a55eb4fe24b5","41238b8e-1dbc-435d-9701-a7685787c60b","de","Rechtliche Informationen","Diese Unterkunft wird durch ein Unternehmen verwaltet, lizenziert oder vertreten. Diese Kennzeichnung hat keine steuerliche Relevanz, einschließlich MwSt. und weiterer „indirekter Steuern“. Sie ist jedoch nach geltendem Verbraucherrecht erforderlich. Weitere Informationen zum Unternehmen finden Sie in den: Angaben zum Unternehmen .",NULL,"2026-03-13 23:38:47.229074+00"
"49","73af9268-c7bf-4dac-a500-01f965d1be03","74b2e2df-8472-4f88-b8e3-77611a473162","nl","Juridische informatie","Deze accommodatie wordt beheerd, gelicentieerd of vertegenwoordigd door een bedrijf. Dit label heeft geen relevantie voor wat betreft belasting, inclusief btw en andere 'indirecte belastingen'. Het is echter een vereiste onder het van toepassing zijnde consumentenrecht. Meer informatie over het bedrijf vind je hier: Bekijk bedrijfsgegevens .",NULL,"2026-03-13 23:40:04.402116+00"
"50","1cff2f53-5ac1-458a-a353-848874544082","41238b8e-1dbc-435d-9701-a7685787c60b","it","Informazioni legali","Questa struttura è gestita, autorizzata o rappresentata da un'azienda. Questa definizione non ha rilevanza in termini fiscali, incluse l'IVA e altre ""imposte indirette"", ma è obbligatoria ai sensi delle norme applicabili per la tutela dei consumatori. Per sapere di più sull'azienda, vai a: dettagli dell'azienda .",NULL,"2026-03-13 23:45:59.447817+00"
"52","4ef73bea-ffc5-4422-88db-94bee5c9af5d","41238b8e-1dbc-435d-9701-a7685787c60b","nl","Juridische informatie","Deze accommodatie wordt beheerd, gelicentieerd of vertegenwoordigd door een bedrijf. Dit label heeft geen relevantie voor wat betreft belasting, inclusief btw en andere 'indirecte belastingen'. Het is echter een vereiste onder het van toepassing zijnde consumentenrecht. Meer informatie over het bedrijf vind je hier: Bekijk bedrijfsgegevens .",NULL,"2026-03-13 23:50:30.732389+00"
"53","071d77cd-14a5-4549-85e1-9be7ecbf5845","00f725a8-2a10-4de0-9430-1bd8165f87c2","en","Legal information","This property is managed, licensed or represented by a business. This label has no relevance in terms of tax, including VAT and other 'indirect taxes', but is required under applicable consumer laws. You can find more information about the business here: See business details .",NULL,"2026-03-13 23:53:25.068838+00"
"54","9ffcedba-3421-47dd-8c02-482e88562db1","00f725a8-2a10-4de0-9430-1bd8165f87c2","de","Rechtliche Informationen","Diese Unterkunft wird durch ein Unternehmen verwaltet, lizenziert oder vertreten. Diese Kennzeichnung hat keine steuerliche Relevanz, einschließlich MwSt. und weiterer „indirekter Steuern“. Sie ist jedoch nach geltendem Verbraucherrecht erforderlich. Weitere Informationen zum Unternehmen finden Sie in den: Angaben zum Unternehmen .",NULL,"2026-03-13 23:56:02.340332+00"
"55","24fe451d-2c84-4ddd-a4bd-966a0913f85f","156b596e-81ea-4b40-9bbc-75925e362fb1","es",NULL,"Información legal e importante",NULL,"2026-03-13 23:57:19.75361+00"
"56","779631bb-90e9-4a02-abb6-5fa0cf3e35bf","156b596e-81ea-4b40-9bbc-75925e362fb1","en","Legal information","This property is managed, licensed or represented by a business. This label has no relevance in terms of tax, including VAT and other 'indirect taxes', but is required under applicable consumer laws. You can find more information about the business here: See business details .",NULL,"2026-03-14 00:03:28.89063+00"
"57","d9e90c55-b683-4d8e-963a-ffc37160d373","00f725a8-2a10-4de0-9430-1bd8165f87c2","it","Informazioni legali","Questa struttura è gestita, autorizzata o rappresentata da un'azienda. Questa definizione non ha rilevanza in termini fiscali, incluse l'IVA e altre ""imposte indirette"", ma è obbligatoria ai sensi delle norme applicabili per la tutela dei consumatori. Per sapere di più sull'azienda, vai a: dettagli dell'azienda .",NULL,"2026-03-14 00:04:48.351728+00"
"58","82300538-4ede-4600-900c-a9b7a71544e2","156b596e-81ea-4b40-9bbc-75925e362fb1","de","Rechtliche Informationen","Diese Unterkunft wird durch ein Unternehmen verwaltet, lizenziert oder vertreten. Diese Kennzeichnung hat keine steuerliche Relevanz, einschließlich MwSt. und weiterer „indirekter Steuern“. Sie ist jedoch nach geltendem Verbraucherrecht erforderlich. Weitere Informationen zum Unternehmen finden Sie in den: Angaben zum Unternehmen .",NULL,"2026-03-14 00:06:08.332542+00"
"59","0749dc25-8b75-4525-b240-37d37910ba5d","00f725a8-2a10-4de0-9430-1bd8165f87c2","nl","Juridische informatie","Deze accommodatie wordt beheerd, gelicentieerd of vertegenwoordigd door een bedrijf. Dit label heeft geen relevantie voor wat betreft belasting, inclusief btw en andere 'indirecte belastingen'. Het is echter een vereiste onder het van toepassing zijnde consumentenrecht. Meer informatie over het bedrijf vind je hier: Bekijk bedrijfsgegevens .",NULL,"2026-03-14 00:07:27.843743+00"
"60","67fa22e5-37d6-4b31-a356-f4f947d78664","156b596e-81ea-4b40-9bbc-75925e362fb1","it","Informazioni legali","Questa struttura è gestita, autorizzata o rappresentata da un'azienda. Questa definizione non ha rilevanza in termini fiscali, incluse l'IVA e altre ""imposte indirette"", ma è obbligatoria ai sensi delle norme applicabili per la tutela dei consumatori. Per sapere di più sull'azienda, vai a: dettagli dell'azienda .",NULL,"2026-03-14 00:13:22.066384+00"
"61","e3ec1336-a973-4340-a4ae-55194ac1a3c8","b78fb88e-98c3-4c04-acc0-09f9632a0110","es",NULL,"Información legal e importante",NULL,"2026-03-14 00:16:40.450955+00"
"62","4cc2fda1-96a4-4975-af74-3da22f2096a3","156b596e-81ea-4b40-9bbc-75925e362fb1","nl","Juridische informatie","Deze accommodatie wordt beheerd, gelicentieerd of vertegenwoordigd door een bedrijf. Dit label heeft geen relevantie voor wat betreft belasting, inclusief btw en andere 'indirecte belastingen'. Het is echter een vereiste onder het van toepassing zijnde consumentenrecht. Meer informatie over het bedrijf vind je hier: Bekijk bedrijfsgegevens .",NULL,"2026-03-14 00:17:59.323654+00"
"63","06a46564-285a-4905-9b49-9562e280023d","b78fb88e-98c3-4c04-acc0-09f9632a0110","en","Legal information","This property is managed, licensed or represented by a business. This label has no relevance in terms of tax, including VAT and other 'indirect taxes', but is required under applicable consumer laws. You can find more information about the business here: See business details .",NULL,"2026-03-14 00:20:51.165513+00"
"64","5378c586-ea3e-4ca0-9a72-f6dca9419098","b78fb88e-98c3-4c04-acc0-09f9632a0110","de","Rechtliche Informationen","Diese Unterkunft wird durch ein Unternehmen verwaltet, lizenziert oder vertreten. Diese Kennzeichnung hat keine steuerliche Relevanz, einschließlich MwSt. und weiterer „indirekter Steuern“. Sie ist jedoch nach geltendem Verbraucherrecht erforderlich. Weitere Informationen zum Unternehmen finden Sie in den: Angaben zum Unternehmen .",NULL,"2026-03-14 00:23:28.230248+00"
"65","e5dbef5d-2742-4f17-b528-d50411fed356","7ec79d7b-6d04-44b9-bc8a-9d7a1eba111f","es",NULL,"Información legal e importante",NULL,"2026-03-14 00:24:46.341202+00"
"66","ce67554c-4e7d-41ba-8f2e-b2e644a86b61","7ec79d7b-6d04-44b9-bc8a-9d7a1eba111f","en","Legal information","This property is managed, licensed or represented by a business. This label has no relevance in terms of tax, including VAT and other 'indirect taxes', but is required under applicable consumer laws. You can find more information about the business here: See business details .",NULL,"2026-03-14 00:30:59.986906+00"
"67","aa102c2f-5868-4c3d-8c2f-4458e0d73d9e","b78fb88e-98c3-4c04-acc0-09f9632a0110","it","Informazioni legali","Questa struttura è gestita, autorizzata o rappresentata da un'azienda. Questa definizione non ha rilevanza in termini fiscali, incluse l'IVA e altre ""imposte indirette"", ma è obbligatoria ai sensi delle norme applicabili per la tutela dei consumatori. Per sapere di più sull'azienda, vai a: dettagli dell'azienda .",NULL,"2026-03-14 00:32:17.949436+00"
"68","f7812ab2-d767-4d15-bf20-e10595d7ce6b","7ec79d7b-6d04-44b9-bc8a-9d7a1eba111f","de","Rechtliche Informationen","Diese Unterkunft wird durch ein Unternehmen verwaltet, lizenziert oder vertreten. Diese Kennzeichnung hat keine steuerliche Relevanz, einschließlich MwSt. und weiterer „indirekter Steuern“. Sie ist jedoch nach geltendem Verbraucherrecht erforderlich. Weitere Informationen zum Unternehmen finden Sie in den: Angaben zum Unternehmen .",NULL,"2026-03-14 00:33:37.792674+00"
"69","fb125dac-31d1-4767-9507-8d00212468ab","b78fb88e-98c3-4c04-acc0-09f9632a0110","nl","Juridische informatie","Deze accommodatie wordt beheerd, gelicentieerd of vertegenwoordigd door een bedrijf. Dit label heeft geen relevantie voor wat betreft belasting, inclusief btw en andere 'indirecte belastingen'. Het is echter een vereiste onder het van toepassing zijnde consumentenrecht. Meer informatie over het bedrijf vind je hier: Bekijk bedrijfsgegevens .",NULL,"2026-03-14 00:34:56.156063+00"
"70","45170e1d-f137-4951-acaf-23d295452e28","7ec79d7b-6d04-44b9-bc8a-9d7a1eba111f","it","Informazioni legali","Questa struttura è gestita, autorizzata o rappresentata da un'azienda. Questa definizione non ha rilevanza in termini fiscali, incluse l'IVA e altre ""imposte indirette"", ma è obbligatoria ai sensi delle norme applicabili per la tutela dei consumatori. Per sapere di più sull'azienda, vai a: dettagli dell'azienda .",NULL,"2026-03-14 00:40:47.051933+00"
"71","7c68e4ef-ac43-4d52-bc03-453d4943d023","06d24bdd-87f8-4787-9601-758245b4e013","es",NULL,"Información legal e importante",NULL,"2026-03-14 00:44:07.81988+00"
"72","34780c4b-73be-4672-ac9c-95c87bd6aac1","7ec79d7b-6d04-44b9-bc8a-9d7a1eba111f","nl","Juridische informatie","Deze accommodatie wordt beheerd, gelicentieerd of vertegenwoordigd door een bedrijf. Dit label heeft geen relevantie voor wat betreft belasting, inclusief btw en andere 'indirecte belastingen'. Het is echter een vereiste onder het van toepassing zijnde consumentenrecht. Meer informatie over het bedrijf vind je hier: Bekijk bedrijfsgegevens .",NULL,"2026-03-14 00:45:26.006763+00"
"75","6ab1eef4-fe68-4697-ac3e-f30c7f067df0","1be4bf4d-acde-4095-8e67-e6aa96214ab3","es",NULL,"Información legal e importante",NULL,"2026-03-14 00:52:12.432621+00"
"76","ca445e66-72fb-4a02-bb77-44def698b269","1be4bf4d-acde-4095-8e67-e6aa96214ab3","en","Legal information","This property is managed, licensed or represented by a business. This label has no relevance in terms of tax, including VAT and other 'indirect taxes', but is required under applicable consumer laws. You can find more information about the business here: See business details .",NULL,"2026-03-14 00:58:24.055781+00"
"78","6cd1b253-b5fd-4a05-a699-21fc0396abee","1be4bf4d-acde-4095-8e67-e6aa96214ab3","de","Rechtliche Informationen","Diese Unterkunft wird durch ein Unternehmen verwaltet, lizenziert oder vertreten. Diese Kennzeichnung hat keine steuerliche Relevanz, einschließlich MwSt. und weiterer „indirekter Steuern“. Sie ist jedoch nach geltendem Verbraucherrecht erforderlich. Weitere Informationen zum Unternehmen finden Sie in den: Angaben zum Unternehmen .",NULL,"2026-03-14 01:01:00.912395+00"
"82","d17e8073-8c40-44ca-b4ad-6e6d22d14e31","1be4bf4d-acde-4095-8e67-e6aa96214ab3","nl","Juridische informatie","Deze accommodatie wordt beheerd, gelicentieerd of vertegenwoordigd door een bedrijf. Dit label heeft geen relevantie voor wat betreft belasting, inclusief btw en andere 'indirecte belastingen'. Het is echter een vereiste onder het van toepassing zijnde consumentenrecht. Meer informatie over het bedrijf vind je hier: Bekijk bedrijfsgegevens .",NULL,"2026-03-14 01:12:50.424247+00"
"85","f8e9da79-1aff-46e1-83e3-0399b44d7571","42d20bf7-1b85-4584-b336-57359d2e6a94","es",NULL,"Información legal e importante",NULL,"2026-03-14 01:19:40.66719+00"
"73","8ddb1743-a46e-439f-8640-9cc95b6f90f7","06d24bdd-87f8-4787-9601-758245b4e013","en","Legal information","This property is managed, licensed or represented by a business. This label has no relevance in terms of tax, including VAT and other 'indirect taxes', but is required under applicable consumer laws. You can find more information about the business here: See business details .",NULL,"2026-03-14 00:48:18.853226+00"
"74","da3d20dc-1d29-4cf4-8c9a-a2cac745300a","06d24bdd-87f8-4787-9601-758245b4e013","de","Rechtliche Informationen","Diese Unterkunft wird durch ein Unternehmen verwaltet, lizenziert oder vertreten. Diese Kennzeichnung hat keine steuerliche Relevanz, einschließlich MwSt. und weiterer „indirekter Steuern“. Sie ist jedoch nach geltendem Verbraucherrecht erforderlich. Weitere Informationen zum Unternehmen finden Sie in den: Angaben zum Unternehmen .",NULL,"2026-03-14 00:50:55.314445+00"
"77","6edbaa49-3812-4057-a91f-ca5dfd7565aa","06d24bdd-87f8-4787-9601-758245b4e013","it","Informazioni legali","Questa struttura è gestita, autorizzata o rappresentata da un'azienda. Questa definizione non ha rilevanza in termini fiscali, incluse l'IVA e altre ""imposte indirette"", ma è obbligatoria ai sensi delle norme applicabili per la tutela dei consumatori. Per sapere di più sull'azienda, vai a: dettagli dell'azienda .",NULL,"2026-03-14 00:59:43.129093+00"
"79","93e46a38-e558-401a-baa9-e21069c307f1","06d24bdd-87f8-4787-9601-758245b4e013","nl","Juridische informatie","Deze accommodatie wordt beheerd, gelicentieerd of vertegenwoordigd door een bedrijf. Dit label heeft geen relevantie voor wat betreft belasting, inclusief btw en andere 'indirecte belastingen'. Het is echter een vereiste onder het van toepassing zijnde consumentenrecht. Meer informatie over het bedrijf vind je hier: Bekijk bedrijfsgegevens .",NULL,"2026-03-14 01:02:20.091679+00"
"80","edef8c19-6a48-4bbc-b12d-a491d328277f","1be4bf4d-acde-4095-8e67-e6aa96214ab3","it","Informazioni legali","Questa struttura è gestita, autorizzata o rappresentata da un'azienda. Questa definizione non ha rilevanza in termini fiscali, incluse l'IVA e altre ""imposte indirette"", ma è obbligatoria ai sensi delle norme applicabili per la tutela dei consumatori. Per sapere di più sull'azienda, vai a: dettagli dell'azienda .",NULL,"2026-03-14 01:08:15.563098+00"
"81","27fb258b-9458-4bdc-9414-6a4d4a8a59af","39a53277-0ed4-4c40-ad1a-4bc5abef6aef","es",NULL,"Información legal e importante",NULL,"2026-03-14 01:11:32.376547+00"
"83","8f53a594-1fc7-46a6-9b58-e6239aaec6c7","39a53277-0ed4-4c40-ad1a-4bc5abef6aef","en","Legal information","This property is managed, licensed or represented by a business. This label has no relevance in terms of tax, including VAT and other 'indirect taxes', but is required under applicable consumer laws. You can find more information about the business here: See business details .",NULL,"2026-03-14 01:15:42.994474+00"
"84","23e3bb81-bf13-4a03-98b3-2f77849455a1","39a53277-0ed4-4c40-ad1a-4bc5abef6aef","de","Rechtliche Informationen","Diese Unterkunft wird durch ein Unternehmen verwaltet, lizenziert oder vertreten. Diese Kennzeichnung hat keine steuerliche Relevanz, einschließlich MwSt. und weiterer „indirekter Steuern“. Sie ist jedoch nach geltendem Verbraucherrecht erforderlich. Weitere Informationen zum Unternehmen finden Sie in den: Angaben zum Unternehmen .",NULL,"2026-03-14 01:18:20.652928+00"
"86","6e483167-0c69-4b86-a33f-debebf71ce55","42d20bf7-1b85-4584-b336-57359d2e6a94","en","Legal information","This property is managed, licensed or represented by a business. This label has no relevance in terms of tax, including VAT and other 'indirect taxes', but is required under applicable consumer laws. You can find more information about the business here: See business details .",NULL,"2026-03-14 01:25:58.214487+00"
"87","f97c0a96-da8c-4860-ab54-31dcffc36c59","39a53277-0ed4-4c40-ad1a-4bc5abef6aef","it","Informazioni legali","Questa struttura è gestita, autorizzata o rappresentata da un'azienda. Questa definizione non ha rilevanza in termini fiscali, incluse l'IVA e altre ""imposte indirette"", ma è obbligatoria ai sensi delle norme applicabili per la tutela dei consumatori. Per sapere di più sull'azienda, vai a: dettagli dell'azienda .",NULL,"2026-03-14 01:27:16.587033+00"
"88","5e3017ae-5370-49a0-aad3-b3abd0746a54","42d20bf7-1b85-4584-b336-57359d2e6a94","de","Rechtliche Informationen","Diese Unterkunft wird durch ein Unternehmen verwaltet, lizenziert oder vertreten. Diese Kennzeichnung hat keine steuerliche Relevanz, einschließlich MwSt. und weiterer „indirekter Steuern“. Sie ist jedoch nach geltendem Verbraucherrecht erforderlich. Weitere Informationen zum Unternehmen finden Sie in den: Angaben zum Unternehmen .",NULL,"2026-03-14 01:28:34.956114+00"
"89","5abd9a4e-a42d-4493-a2ea-f4b073527047","39a53277-0ed4-4c40-ad1a-4bc5abef6aef","nl","Juridische informatie","Deze accommodatie wordt beheerd, gelicentieerd of vertegenwoordigd door een bedrijf. Dit label heeft geen relevantie voor wat betreft belasting, inclusief btw en andere 'indirecte belastingen'. Het is echter een vereiste onder het van toepassing zijnde consumentenrecht. Meer informatie over het bedrijf vind je hier: Bekijk bedrijfsgegevens .",NULL,"2026-03-14 01:29:52.0649+00"
"90","a46cdb69-e567-49d8-9b13-67ff04127940","42d20bf7-1b85-4584-b336-57359d2e6a94","it","Informazioni legali","Questa struttura è gestita, autorizzata o rappresentata da un'azienda. Questa definizione non ha rilevanza in termini fiscali, incluse l'IVA e altre ""imposte indirette"", ma è obbligatoria ai sensi delle norme applicabili per la tutela dei consumatori. Per sapere di più sull'azienda, vai a: dettagli dell'azienda .",NULL,"2026-03-14 01:35:51.117145+00"
"91","1397c9e3-a168-4c62-85f8-3f8e47a3f3af","a0a4e699-c5c1-483d-8850-d06dff39d81d","es",NULL,"Información legal e importante",NULL,"2026-03-14 01:39:06.763935+00"
"92","7b26e012-b0bc-4e40-b138-a89a965e86cb","42d20bf7-1b85-4584-b336-57359d2e6a94","nl","Juridische informatie","Deze accommodatie wordt beheerd, gelicentieerd of vertegenwoordigd door een bedrijf. Dit label heeft geen relevantie voor wat betreft belasting, inclusief btw en andere 'indirecte belastingen'. Het is echter een vereiste onder het van toepassing zijnde consumentenrecht. Meer informatie over het bedrijf vind je hier: Bekijk bedrijfsgegevens .",NULL,"2026-03-14 01:40:27.061716+00"
"93","6a0a2aa7-a008-4718-81ae-d9ced3c72b97","a0a4e699-c5c1-483d-8850-d06dff39d81d","en","Legal information","This property is managed, licensed or represented by a business. This label has no relevance in terms of tax, including VAT and other 'indirect taxes', but is required under applicable consumer laws. You can find more information about the business here: See business details .",NULL,"2026-03-14 01:43:17.513526+00"
"94","ed9a2d21-5f05-4983-9fb9-db795aa8dc3d","a0a4e699-c5c1-483d-8850-d06dff39d81d","de","Rechtliche Informationen","Diese Unterkunft wird durch ein Unternehmen verwaltet, lizenziert oder vertreten. Diese Kennzeichnung hat keine steuerliche Relevanz, einschließlich MwSt. und weiterer „indirekter Steuern“. Sie ist jedoch nach geltendem Verbraucherrecht erforderlich. Weitere Informationen zum Unternehmen finden Sie in den: Angaben zum Unternehmen .",NULL,"2026-03-14 01:45:55.665507+00"
"95","232fde27-0099-4b91-88c8-986667f39d83","0df96619-3db0-42ee-89aa-e4078ef4bcf8","es",NULL,"Información legal e importante",NULL,"2026-03-14 01:47:15.592928+00"
"96","7c3bbf67-d936-4323-9545-9a853b1e6200","0df96619-3db0-42ee-89aa-e4078ef4bcf8","en","Legal information","This property is managed, licensed or represented by a business. This label has no relevance in terms of tax, including VAT and other 'indirect taxes', but is required under applicable consumer laws. You can find more information about the business here: See business details .",NULL,"2026-03-14 01:53:22.186828+00"
"97","741319af-6665-4f55-a325-fd9dec5ec9fd","a0a4e699-c5c1-483d-8850-d06dff39d81d","it","Informazioni legali","Questa struttura è gestita, autorizzata o rappresentata da un'azienda. Questa definizione non ha rilevanza in termini fiscali, incluse l'IVA e altre ""imposte indirette"", ma è obbligatoria ai sensi delle norme applicabili per la tutela dei consumatori. Per sapere di più sull'azienda, vai a: dettagli dell'azienda .",NULL,"2026-03-14 01:54:39.475671+00"
"98","c22cdf85-054c-4ecf-8341-980fc920d5bb","0df96619-3db0-42ee-89aa-e4078ef4bcf8","de","Rechtliche Informationen","Diese Unterkunft wird durch ein Unternehmen verwaltet, lizenziert oder vertreten. Diese Kennzeichnung hat keine steuerliche Relevanz, einschließlich MwSt. und weiterer „indirekter Steuern“. Sie ist jedoch nach geltendem Verbraucherrecht erforderlich. Weitere Informationen zum Unternehmen finden Sie in den: Angaben zum Unternehmen .",NULL,"2026-03-14 01:55:57.335311+00"
"99","64ece95e-939c-4fe0-8024-2e76436359af","a0a4e699-c5c1-483d-8850-d06dff39d81d","nl","Juridische informatie","Deze accommodatie wordt beheerd, gelicentieerd of vertegenwoordigd door een bedrijf. Dit label heeft geen relevantie voor wat betreft belasting, inclusief btw en andere 'indirecte belastingen'. Het is echter een vereiste onder het van toepassing zijnde consumentenrecht. Meer informatie over het bedrijf vind je hier: Bekijk bedrijfsgegevens .",NULL,"2026-03-14 01:57:15.657668+00"
"100","f7ea0841-ad08-47d1-b00d-26e94cfceb9a","0df96619-3db0-42ee-89aa-e4078ef4bcf8","it","Informazioni legali","Questa struttura è gestita, autorizzata o rappresentata da un'azienda. Questa definizione non ha rilevanza in termini fiscali, incluse l'IVA e altre ""imposte indirette"", ma è obbligatoria ai sensi delle norme applicabili per la tutela dei consumatori. Per sapere di più sull'azienda, vai a: dettagli dell'azienda .",NULL,"2026-03-14 02:03:18.912946+00"
"101","80a5bb5c-1fc4-489e-b3d3-d3b1c0726928","9c60ff02-6a48-4af4-a782-a0fb4cdf6bc6","es",NULL,"Información legal e importante",NULL,"2026-03-14 02:06:37.068036+00"
"102","750d4d14-d97d-4d0e-9997-539183012880","0df96619-3db0-42ee-89aa-e4078ef4bcf8","nl","Juridische informatie","Deze accommodatie wordt beheerd, gelicentieerd of vertegenwoordigd door een bedrijf. Dit label heeft geen relevantie voor wat betreft belasting, inclusief btw en andere 'indirecte belastingen'. Het is echter een vereiste onder het van toepassing zijnde consumentenrecht. Meer informatie over het bedrijf vind je hier: Bekijk bedrijfsgegevens .",NULL,"2026-03-14 02:07:57.100873+00"
"103","8e8e0129-ffee-4ede-9b19-8f7cc7115503","9c60ff02-6a48-4af4-a782-a0fb4cdf6bc6","en","Legal information","This property is managed, licensed or represented by a business. This label has no relevance in terms of tax, including VAT and other 'indirect taxes', but is required under applicable consumer laws. You can find more information about the business here: See business details .",NULL,"2026-03-14 02:10:50.976617+00"
"104","723e4add-07cd-4382-94d9-2257d6216422","9c60ff02-6a48-4af4-a782-a0fb4cdf6bc6","de","Rechtliche Informationen","Diese Unterkunft wird durch ein Unternehmen verwaltet, lizenziert oder vertreten. Diese Kennzeichnung hat keine steuerliche Relevanz, einschließlich MwSt. und weiterer „indirekter Steuern“. Sie ist jedoch nach geltendem Verbraucherrecht erforderlich. Weitere Informationen zum Unternehmen finden Sie in den: Angaben zum Unternehmen .",NULL,"2026-03-14 02:13:30.805047+00"
"105","d169fdf6-04c2-4294-b92f-facd1f11d1e6","7d7f0b61-d210-476f-a0e3-2619750f2831","es",NULL,"Información legal e importante",NULL,"2026-03-14 02:14:48.985793+00"
"106","bfa0e7a2-3d95-49bd-872f-856ad7aacdb1","7d7f0b61-d210-476f-a0e3-2619750f2831","en","Legal information","This property is managed, licensed or represented by a business. This label has no relevance in terms of tax, including VAT and other 'indirect taxes', but is required under applicable consumer laws. You can find more information about the business here: See business details .",NULL,"2026-03-14 02:20:50.694847+00"
"107","ad68e98e-c6c9-4105-a22f-e9d9896ba66a","9c60ff02-6a48-4af4-a782-a0fb4cdf6bc6","it","Informazioni legali","Questa struttura è gestita, autorizzata o rappresentata da un'azienda. Questa definizione non ha rilevanza in termini fiscali, incluse l'IVA e altre ""imposte indirette"", ma è obbligatoria ai sensi delle norme applicabili per la tutela dei consumatori. Per sapere di più sull'azienda, vai a: dettagli dell'azienda .",NULL,"2026-03-14 02:22:09.394742+00"
"108","f985445c-5188-4360-a459-5cbec9d1570d","7d7f0b61-d210-476f-a0e3-2619750f2831","de","Rechtliche Informationen","Diese Unterkunft wird durch ein Unternehmen verwaltet, lizenziert oder vertreten. Diese Kennzeichnung hat keine steuerliche Relevanz, einschließlich MwSt. und weiterer „indirekter Steuern“. Sie ist jedoch nach geltendem Verbraucherrecht erforderlich. Weitere Informationen zum Unternehmen finden Sie in den: Angaben zum Unternehmen .",NULL,"2026-03-14 02:23:28.780767+00"
"109","7d436556-4c0b-4d68-8d14-d1ba9e7a118a","9c60ff02-6a48-4af4-a782-a0fb4cdf6bc6","nl","Juridische informatie","Deze accommodatie wordt beheerd, gelicentieerd of vertegenwoordigd door een bedrijf. Dit label heeft geen relevantie voor wat betreft belasting, inclusief btw en andere 'indirecte belastingen'. Het is echter een vereiste onder het van toepassing zijnde consumentenrecht. Meer informatie over het bedrijf vind je hier: Bekijk bedrijfsgegevens .",NULL,"2026-03-14 02:24:48.004222+00"
"110","21961fa2-e714-4caf-be47-8baf6099a068","7d7f0b61-d210-476f-a0e3-2619750f2831","it","Informazioni legali","Questa struttura è gestita, autorizzata o rappresentata da un'azienda. Questa definizione non ha rilevanza in termini fiscali, incluse l'IVA e altre ""imposte indirette"", ma è obbligatoria ai sensi delle norme applicabili per la tutela dei consumatori. Per sapere di più sull'azienda, vai a: dettagli dell'azienda .",NULL,"2026-03-14 02:30:38.543963+00"
"111","a5f3e7d0-1f07-47d9-a712-0be169e18790","62c2aa7f-0abb-4e2b-8c1b-04be9a96b138","es",NULL,"Información legal e importante",NULL,"2026-03-14 02:33:56.187172+00"
"112","e0716855-8fda-4233-bb98-31755fb38940","7d7f0b61-d210-476f-a0e3-2619750f2831","nl","Juridische informatie","Deze accommodatie wordt beheerd, gelicentieerd of vertegenwoordigd door een bedrijf. Dit label heeft geen relevantie voor wat betreft belasting, inclusief btw en andere 'indirecte belastingen'. Het is echter een vereiste onder het van toepassing zijnde consumentenrecht. Meer informatie over het bedrijf vind je hier: Bekijk bedrijfsgegevens .",NULL,"2026-03-14 02:35:16.211137+00"
"113","729a908c-a945-4765-811a-a4fe9ce61398","62c2aa7f-0abb-4e2b-8c1b-04be9a96b138","en","Legal information","This property is managed, licensed or represented by a business. This label has no relevance in terms of tax, including VAT and other 'indirect taxes', but is required under applicable consumer laws. You can find more information about the business here: See business details .",NULL,"2026-03-14 02:38:08.95203+00"
"114","edc5688b-173d-43c0-b044-2ee29ad7a6b2","62c2aa7f-0abb-4e2b-8c1b-04be9a96b138","de","Rechtliche Informationen","Diese Unterkunft wird durch ein Unternehmen verwaltet, lizenziert oder vertreten. Diese Kennzeichnung hat keine steuerliche Relevanz, einschließlich MwSt. und weiterer „indirekter Steuern“. Sie ist jedoch nach geltendem Verbraucherrecht erforderlich. Weitere Informationen zum Unternehmen finden Sie in den: Angaben zum Unternehmen .",NULL,"2026-03-14 02:40:47.25495+00"
"115","23f9ee80-e1c6-43ba-9ffa-192720647386","3b19174b-965c-405b-8040-437eafefbbed","es",NULL,"Información legal e importante",NULL,"2026-03-14 02:42:07.501113+00"
"116","7f2f2535-615a-4ac8-8219-b3a726e0a6b7","3b19174b-965c-405b-8040-437eafefbbed","en","Legal information","This property is managed, licensed or represented by a business. This label has no relevance in terms of tax, including VAT and other 'indirect taxes', but is required under applicable consumer laws. You can find more information about the business here: See business details .",NULL,"2026-03-14 02:48:20.159382+00"
"117","0a9db174-8f0d-4f92-ba76-aed7fc64bf16","62c2aa7f-0abb-4e2b-8c1b-04be9a96b138","it","Informazioni legali","Questa struttura è gestita, autorizzata o rappresentata da un'azienda. Questa definizione non ha rilevanza in termini fiscali, incluse l'IVA e altre ""imposte indirette"", ma è obbligatoria ai sensi delle norme applicabili per la tutela dei consumatori. Per sapere di più sull'azienda, vai a: dettagli dell'azienda .",NULL,"2026-03-14 02:49:37.521829+00"
"118","b0b3d7d4-28ff-45f5-81ee-886d6183da8e","3b19174b-965c-405b-8040-437eafefbbed","de","Rechtliche Informationen","Diese Unterkunft wird durch ein Unternehmen verwaltet, lizenziert oder vertreten. Diese Kennzeichnung hat keine steuerliche Relevanz, einschließlich MwSt. und weiterer „indirekter Steuern“. Sie ist jedoch nach geltendem Verbraucherrecht erforderlich. Weitere Informationen zum Unternehmen finden Sie in den: Angaben zum Unternehmen .",NULL,"2026-03-14 02:50:58.005574+00"
"119","0776c4fc-69bb-4bbc-9720-6024498740e4","62c2aa7f-0abb-4e2b-8c1b-04be9a96b138","nl","Juridische informatie","Deze accommodatie wordt beheerd, gelicentieerd of vertegenwoordigd door een bedrijf. Dit label heeft geen relevantie voor wat betreft belasting, inclusief btw en andere 'indirecte belastingen'. Het is echter een vereiste onder het van toepassing zijnde consumentenrecht. Meer informatie over het bedrijf vind je hier: Bekijk bedrijfsgegevens .",NULL,"2026-03-14 02:52:16.479493+00"
"121","16a672a9-1dce-4ca1-8d16-715347cf2952","3696b80a-fd28-41be-8287-8931bf09d6f2","es",NULL,"Información legal e importante",NULL,"2026-03-14 03:00:27.847327+00"
"120","1c32d90d-9f61-459b-b60f-e3250222863b","3b19174b-965c-405b-8040-437eafefbbed","it","Informazioni legali","Questa struttura è gestita, autorizzata o rappresentata da un'azienda. Questa definizione non ha rilevanza in termini fiscali, incluse l'IVA e altre ""imposte indirette"", ma è obbligatoria ai sensi delle norme applicabili per la tutela dei consumatori. Per sapere di più sull'azienda, vai a: dettagli dell'azienda .",NULL,"2026-03-14 02:58:20.394793+00"
"122","ccf956ec-4713-4f27-b8e2-1c74c3460f25","3b19174b-965c-405b-8040-437eafefbbed","nl","Juridische informatie","Deze accommodatie wordt beheerd, gelicentieerd of vertegenwoordigd door een bedrijf. Dit label heeft geen relevantie voor wat betreft belasting, inclusief btw en andere 'indirecte belastingen'. Het is echter een vereiste onder het van toepassing zijnde consumentenrecht. Meer informatie over het bedrijf vind je hier: Bekijk bedrijfsgegevens .",NULL,"2026-03-14 03:02:15.221669+00"
"123","75c2a7d4-ba77-4036-ad62-3bf9054ff49b","db9615b5-01bd-4986-880e-40b63dea3ac4","es",NULL,"Información legal e importante",NULL,"2026-03-14 03:14:56.065832+00"
"124","07a78036-3ed3-4949-bcbc-816fa107aba8","db9615b5-01bd-4986-880e-40b63dea3ac4","en","Legal information","This property is managed, licensed or represented by a business. This label has no relevance in terms of tax, including VAT and other 'indirect taxes', but is required under applicable consumer laws. You can find more information about the business here: See business details .",NULL,"2026-03-14 03:22:49.374157+00"
"125","bcd5628f-34e5-4873-a6b0-d07b4825bd00","db9615b5-01bd-4986-880e-40b63dea3ac4","de","Rechtliche Informationen","Diese Unterkunft wird durch ein Unternehmen verwaltet, lizenziert oder vertreten. Diese Kennzeichnung hat keine steuerliche Relevanz, einschließlich MwSt. und weiterer „indirekter Steuern“. Sie ist jedoch nach geltendem Verbraucherrecht erforderlich. Weitere Informationen zum Unternehmen finden Sie in den: Angaben zum Unternehmen .",NULL,"2026-03-14 03:28:57.397443+00"
"126","9f198c59-be5d-4bfe-bf72-a13999a43c0d","db9615b5-01bd-4986-880e-40b63dea3ac4","it","Informazioni legali","Questa struttura è gestita, autorizzata o rappresentata da un'azienda. Questa definizione non ha rilevanza in termini fiscali, incluse l'IVA e altre ""imposte indirette"", ma è obbligatoria ai sensi delle norme applicabili per la tutela dei consumatori. Per sapere di più sull'azienda, vai a: dettagli dell'azienda .",NULL,"2026-03-14 03:41:32.777019+00"
"127","dbea7263-df4a-4e87-a4ec-cd0efd63bfa4","db9615b5-01bd-4986-880e-40b63dea3ac4","nl","Juridische informatie","Deze accommodatie wordt beheerd, gelicentieerd of vertegenwoordigd door een bedrijf. Dit label heeft geen relevantie voor wat betreft belasting, inclusief btw en andere 'indirecte belastingen'. Het is echter een vereiste onder het van toepassing zijnde consumentenrecht. Meer informatie over het bedrijf vind je hier: Bekijk bedrijfsgegevens .",NULL,"2026-03-14 03:47:38.051053+00"
"128","b6d9f8de-b899-492b-b39f-06c5bec90429","940ad793-95d7-418a-83f2-7f9afa3de16e","es",NULL,"Información legal e importante",NULL,"2026-03-14 04:00:07.168631+00"
"129","01bc1eb9-e5a9-4a64-a9f6-62976f453f39","940ad793-95d7-418a-83f2-7f9afa3de16e","en","Legal information","This property is managed, licensed or represented by a business. This label has no relevance in terms of tax, including VAT and other 'indirect taxes', but is required under applicable consumer laws. You can find more information about the business here: See business details .",NULL,"2026-03-14 04:08:00.383598+00"
"130","32012225-f550-41d6-9fd2-24081cd76d07","940ad793-95d7-418a-83f2-7f9afa3de16e","de","Rechtliche Informationen","Diese Unterkunft wird durch ein Unternehmen verwaltet, lizenziert oder vertreten. Diese Kennzeichnung hat keine steuerliche Relevanz, einschließlich MwSt. und weiterer „indirekter Steuern“. Sie ist jedoch nach geltendem Verbraucherrecht erforderlich. Weitere Informationen zum Unternehmen finden Sie in den: Angaben zum Unternehmen .",NULL,"2026-03-14 04:14:30.015627+00"
"131","3681c0da-f7b0-42f8-ab95-13323af6fa50","0fcbd7e8-f899-4af3-9882-377331483b36","es",NULL,"Información legal e importante",NULL,"2026-03-14 04:21:55.593277+00"
"132","35b62dbe-2764-4af6-b56d-ab545ae5eece","940ad793-95d7-418a-83f2-7f9afa3de16e","it","Informazioni legali","Questa struttura è gestita, autorizzata o rappresentata da un'azienda. Questa definizione non ha rilevanza in termini fiscali, incluse l'IVA e altre ""imposte indirette"", ma è obbligatoria ai sensi delle norme applicabili per la tutela dei consumatori. Per sapere di più sull'azienda, vai a: dettagli dell'azienda .",NULL,"2026-03-14 04:23:27.243721+00"
"133","fca3f19d-5dd5-4f76-baac-e9eda94cf220","0fcbd7e8-f899-4af3-9882-377331483b36","en","Legal information","This property is managed, licensed or represented by a business. This label has no relevance in terms of tax, including VAT and other 'indirect taxes', but is required under applicable consumer laws. You can find more information about the business here: See business details .",NULL,"2026-03-14 04:26:18.852331+00"
"134","82393843-6215-4ac9-9996-3443f3836c01","940ad793-95d7-418a-83f2-7f9afa3de16e","nl","Juridische informatie","Deze accommodatie wordt beheerd, gelicentieerd of vertegenwoordigd door een bedrijf. Dit label heeft geen relevantie voor wat betreft belasting, inclusief btw en andere 'indirecte belastingen'. Het is echter een vereiste onder het van toepassing zijnde consumentenrecht. Meer informatie over het bedrijf vind je hier: Bekijk bedrijfsgegevens .",NULL,"2026-03-14 04:27:36.518408+00"
"135","d9158aa6-822e-4b80-ae8d-3b50f7ccaa83","0fcbd7e8-f899-4af3-9882-377331483b36","de","Rechtliche Informationen","Diese Unterkunft wird durch ein Unternehmen verwaltet, lizenziert oder vertreten. Diese Kennzeichnung hat keine steuerliche Relevanz, einschließlich MwSt. und weiterer „indirekter Steuern“. Sie ist jedoch nach geltendem Verbraucherrecht erforderlich. Weitere Informationen zum Unternehmen finden Sie in den: Angaben zum Unternehmen .",NULL,"2026-03-14 04:28:55.282685+00"
"136","028c7811-6199-411b-aa2d-5b01cd810b82","9c8e41f0-4a93-4f93-ab82-2676f1cf2b74","es",NULL,"Información legal e importante",NULL,"2026-03-14 04:33:07.016789+00"
"137","21affadd-13f5-44c3-bf2c-b9a30d288516","0fcbd7e8-f899-4af3-9882-377331483b36","it","Informazioni legali","Questa struttura è gestita, autorizzata o rappresentata da un'azienda. Questa definizione non ha rilevanza in termini fiscali, incluse l'IVA e altre ""imposte indirette"", ma è obbligatoria ai sensi delle norme applicabili per la tutela dei consumatori. Per sapere di più sull'azienda, vai a: dettagli dell'azienda .",NULL,"2026-03-14 04:34:24.496588+00"
"138","e3e07f2c-8a2f-4667-8ba9-e3cc636098eb","9c8e41f0-4a93-4f93-ab82-2676f1cf2b74","en","Legal information","This property is managed, licensed or represented by a business. This label has no relevance in terms of tax, including VAT and other 'indirect taxes', but is required under applicable consumer laws. You can find more information about the business here: See business details .",NULL,"2026-03-14 04:37:15.96748+00"
"139","b709a3c4-8b10-4688-9acc-42bb0ed54fba","0fcbd7e8-f899-4af3-9882-377331483b36","nl","Juridische informatie","Deze accommodatie wordt beheerd, gelicentieerd of vertegenwoordigd door een bedrijf. Dit label heeft geen relevantie voor wat betreft belasting, inclusief btw en andere 'indirecte belastingen'. Het is echter een vereiste onder het van toepassing zijnde consumentenrecht. Meer informatie over het bedrijf vind je hier: Bekijk bedrijfsgegevens .",NULL,"2026-03-14 04:38:33.074001+00"
"140","51325144-1789-406f-be32-c255ab3f1f83","9c8e41f0-4a93-4f93-ab82-2676f1cf2b74","de","Rechtliche Informationen","Diese Unterkunft wird durch ein Unternehmen verwaltet, lizenziert oder vertreten. Diese Kennzeichnung hat keine steuerliche Relevanz, einschließlich MwSt. und weiterer „indirekter Steuern“. Sie ist jedoch nach geltendem Verbraucherrecht erforderlich. Weitere Informationen zum Unternehmen finden Sie in den: Angaben zum Unternehmen .",NULL,"2026-03-14 04:39:51.366052+00"
"141","85dbb1c9-64d7-4d3d-acf0-5770f02a00a4","7cdd58b8-6868-4d58-bf79-a24c2cd33b2a","es",NULL,"Información legal e importante",NULL,"2026-03-14 04:44:04.568322+00"
"142","6721d64f-c1ef-4f66-9a79-10230db81dbb","9c8e41f0-4a93-4f93-ab82-2676f1cf2b74","it","Informazioni legali","Questa struttura è gestita, autorizzata o rappresentata da un'azienda. Questa definizione non ha rilevanza in termini fiscali, incluse l'IVA e altre ""imposte indirette"", ma è obbligatoria ai sensi delle norme applicabili per la tutela dei consumatori. Per sapere di più sull'azienda, vai a: dettagli dell'azienda .",NULL,"2026-03-14 04:45:22.458857+00"
"143","3e9b1f6e-a2f5-46b3-8ac8-b50046851594","7cdd58b8-6868-4d58-bf79-a24c2cd33b2a","en","Legal information","This property is managed, licensed or represented by a business. This label has no relevance in terms of tax, including VAT and other 'indirect taxes', but is required under applicable consumer laws. You can find more information about the business here: See business details .",NULL,"2026-03-14 04:48:14.266144+00"
"144","ab2525a4-db46-4094-b537-7dd73930d116","9c8e41f0-4a93-4f93-ab82-2676f1cf2b74","nl","Juridische informatie","Deze accommodatie wordt beheerd, gelicentieerd of vertegenwoordigd door een bedrijf. Dit label heeft geen relevantie voor wat betreft belasting, inclusief btw en andere 'indirecte belastingen'. Het is echter een vereiste onder het van toepassing zijnde consumentenrecht. Meer informatie over het bedrijf vind je hier: Bekijk bedrijfsgegevens .",NULL,"2026-03-14 04:49:32.34128+00"
"147","d48ab7a6-4308-49ea-9158-cfbb7a3d8f24","7cdd58b8-6868-4d58-bf79-a24c2cd33b2a","nl","Juridische informatie","Deze accommodatie wordt beheerd, gelicentieerd of vertegenwoordigd door een bedrijf. Dit label heeft geen relevantie voor wat betreft belasting, inclusief btw en andere 'indirecte belastingen'. Het is echter een vereiste onder het van toepassing zijnde consumentenrecht. Meer informatie over het bedrijf vind je hier: Bekijk bedrijfsgegevens .",NULL,"2026-03-14 04:57:45.911013+00"
"145","252931ed-b7c2-444c-ad64-e051154c3011","7cdd58b8-6868-4d58-bf79-a24c2cd33b2a","de","Rechtliche Informationen","Diese Unterkunft wird durch ein Unternehmen verwaltet, lizenziert oder vertreten. Diese Kennzeichnung hat keine steuerliche Relevanz, einschließlich MwSt. und weiterer „indirekter Steuern“. Sie ist jedoch nach geltendem Verbraucherrecht erforderlich. Weitere Informationen zum Unternehmen finden Sie in den: Angaben zum Unternehmen .",NULL,"2026-03-14 04:50:50.567825+00"
"146","b7d8a74c-c0ab-4ff2-b998-ae71be06e6a9","7cdd58b8-6868-4d58-bf79-a24c2cd33b2a","it","Informazioni legali","Questa struttura è gestita, autorizzata o rappresentata da un'azienda. Questa definizione non ha rilevanza in termini fiscali, incluse l'IVA e altre ""imposte indirette"", ma è obbligatoria ai sensi delle norme applicabili per la tutela dei consumatori. Per sapere di più sull'azienda, vai a: dettagli dell'azienda .",NULL,"2026-03-14 04:55:45.256323+00"
